timestamp,device,os,nodeVersion,expoVersion,reactNativeVersion,seed,nodeCount,freeEdgeCount,condition,repeat,warmup,layoutMs,frameMedianMs,frameIqrMs,frameMeanMs,simulatedFps,routingMedianMs,routingIqrMs,renderedEdgesMedian,renderedEdgesMax,renderedNodesMedian,processedFrames,rawEvents,totalFrameMs,routeCalls,cacheHits,cacheMisses,heapPeakMb
2026-05-30T11:59:46.455Z,MacBook-Air-Nicolas.local / Apple M1 / 8 GB RAM,Darwin 25.4.0 arm64,v22.13.1,~54.0.22,0.81.5,20260530,50,5,baseline,0,false,0.232917,0.022896,0.006521,0.026589,43676.705029,0.012834,0.0015,54,54,50,120,120,3.190706,0,0,0,14.803223
2026-05-30T11:59:46.455Z,MacBook-Air-Nicolas.local / Apple M1 / 8 GB RAM,Darwin 25.4.0 arm64,v22.13.1,~54.0.22,0.81.5,20260530,50,5,baseline,1,false,0.205167,0.022833,0.001552,0.027046,43795.300764,0.013083,0.000563,54,54,50,120,120,3.245542,0,0,0,14.804596
2026-05-30T11:59:46.455Z,MacBook-Air-Nicolas.local / Apple M1 / 8 GB RAM,Darwin 25.4.0 arm64,v22.13.1,~54.0.22,0.81.5,20260530,50,5,baseline,2,false,0.224125,0.013375,0.003469,0.01877,74766.35514,0.004792,0.000802,54,54,50,120,120,2.252375,0,0,0,14.821358
2026-05-30T11:59:46.455Z,MacBook-Air-Nicolas.local / Apple M1 / 8 GB RAM,Darwin 25.4.0 arm64,v22.13.1,~54.0.22,0.81.5,20260530,50,5,baseline,3,false,0.205458,0.012895,0.000667,0.015321,77546.430926,0.004583,0.00025,54,54,50,120,120,1.838536,0,0,0,14.767578
2026-05-30T11:59:46.455Z,MacBook-Air-Nicolas.local / Apple M1 / 8 GB RAM,Darwin 25.4.0 arm64,v22.13.1,~54.0.22,0.81.5,20260530,50,5,baseline,4,false,0.217083,0.013167,0.000886,0.016161,75947.444368,0.00475,0.000417,54,54,50,120,120,1.939295,0,0,0,14.76786
2026-05-30T11:59:46.455Z,MacBook-Air-Nicolas.local / Apple M1 / 8 GB RAM,Darwin 25.4.0 arm64,v22.13.1,~54.0.22,0.81.5,20260530,50,5,baseline,5,false,0.322875,0.015042,0.005344,0.021324,66480.521207,0.005167,0.001385,54,54,50,120,120,2.558884,0,0,0,14.769691
2026-05-30T11:59:46.455Z,MacBook-Air-Nicolas.local / Apple M1 / 8 GB RAM,Darwin 25.4.0 arm64,v22.13.1,~54.0.22,0.81.5,20260530,50,5,baseline,6,false,0.233708,0.013792,0.001583,0.015762,72505.800464,0.004708,0.000416,54,54,50,120,120,1.891417,0,0,0,14.776337
2026-05-30T11:59:46.455Z,MacBook-Air-Nicolas.local / Apple M1 / 8 GB RAM,Darwin 25.4.0 arm64,v22.13.1,~54.0.22,0.81.5,20260530,50,5,baseline,7,false,0.217375,0.012833,0.00076,0.015054,77921.06596,0.00452,0.00025,54,54,50,120,120,1.806498,0,0,0,14.796288
2026-05-30T11:59:46.455Z,MacBook-Air-Nicolas.local / Apple M1 / 8 GB RAM,Darwin 25.4.0 arm64,v22.13.1,~54.0.22,0.81.5,20260530,50,5,optimized,0,false,0.18975,0.2055,0.013843,63.958872,4866.180049,0.196792,0.013636,54,54,50,60,120,3837.532294,5,295,5,135.300941
2026-05-30T11:59:46.455Z,MacBook-Air-Nicolas.local / Apple M1 / 8 GB RAM,Darwin 25.4.0 arm64,v22.13.1,~54.0.22,0.81.5,20260530,50,5,optimized,1,false,0.222208,0.191791,0.012115,62.268156,5213.995406,0.182437,0.011511,54,54,50,60,120,3736.089334,5,295,5,74.473595
2026-05-30T11:59:46.455Z,MacBook-Air-Nicolas.local / Apple M1 / 8 GB RAM,Darwin 25.4.0 arm64,v22.13.1,~54.0.22,0.81.5,20260530,50,5,optimized,2,false,0.180708,0.189895,0.006292,61.65473,5266.054225,0.181,0.004927,54,54,50,60,120,3699.283829,5,295,5,135.829124
2026-05-30T11:59:46.455Z,MacBook-Air-Nicolas.local / Apple M1 / 8 GB RAM,Darwin 25.4.0 arm64,v22.13.1,~54.0.22,0.81.5,20260530,50,5,optimized,3,false,0.203,0.190666,0.004104,63.157836,5244.759829,0.181604,0.003594,54,54,50,60,120,3789.470166,5,295,5,77.162842
2026-05-30T11:59:46.455Z,MacBook-Air-Nicolas.local / Apple M1 / 8 GB RAM,Darwin 25.4.0 arm64,v22.13.1,~54.0.22,0.81.5,20260530,50,5,optimized,4,false,0.230791,0.189562,0.006792,61.386988,5275.318893,0.180812,0.006563,54,54,50,60,120,3683.219252,5,295,5,66.819244
2026-05-30T11:59:46.455Z,MacBook-Air-Nicolas.local / Apple M1 / 8 GB RAM,Darwin 25.4.0 arm64,v22.13.1,~54.0.22,0.81.5,20260530,50,5,optimized,5,false,0.201667,0.192021,0.010417,61.563156,5207.763734,0.183417,0.010635,54,54,50,60,120,3693.789344,5,295,5,67.034859
2026-05-30T11:59:46.455Z,MacBook-Air-Nicolas.local / Apple M1 / 8 GB RAM,Darwin 25.4.0 arm64,v22.13.1,~54.0.22,0.81.5,20260530,50,5,optimized,6,false,0.206583,0.201542,0.028594,62.30151,4961.757256,0.192271,0.020761,54,54,50,60,120,3738.090581,5,295,5,77.545433
2026-05-30T11:59:46.455Z,MacBook-Air-Nicolas.local / Apple M1 / 8 GB RAM,Darwin 25.4.0 arm64,v22.13.1,~54.0.22,0.81.5,20260530,50,5,optimized,7,false,0.263916,0.196083,0.223479,62.759808,5099.881173,0.186875,0.223593,54,54,50,60,120,3765.588457,5,295,5,73.896523
2026-05-30T11:59:46.455Z,MacBook-Air-Nicolas.local / Apple M1 / 8 GB RAM,Darwin 25.4.0 arm64,v22.13.1,~54.0.22,0.81.5,20260530,50,5,noViewportCulling,0,false,0.198583,0.182896,0.004886,62.517136,5467.588138,0.174437,0.004344,54,54,50,60,120,3751.028168,5,295,5,72.155449
2026-05-30T11:59:46.455Z,MacBook-Air-Nicolas.local / Apple M1 / 8 GB RAM,Darwin 25.4.0 arm64,v22.13.1,~54.0.22,0.81.5,20260530,50,5,noViewportCulling,1,false,0.191958,0.185333,0.005301,61.458529,5395.693158,0.176916,0.00524,54,54,50,60,120,3687.511756,5,295,5,72.280472
2026-05-30T11:59:46.455Z,MacBook-Air-Nicolas.local / Apple M1 / 8 GB RAM,Darwin 25.4.0 arm64,v22.13.1,~54.0.22,0.81.5,20260530,50,5,noViewportCulling,2,false,0.222291,0.185542,0.003323,61.115159,5389.615289,0.177021,0.003531,54,54,50,60,120,3666.909545,5,295,5,72.200027
2026-05-30T11:59:46.455Z,MacBook-Air-Nicolas.local / Apple M1 / 8 GB RAM,Darwin 25.4.0 arm64,v22.13.1,~54.0.22,0.81.5,20260530,50,5,noViewportCulling,3,false,0.185291,0.18325,0.004104,61.166078,5457.025921,0.174729,0.003573,54,54,50,60,120,3669.964666,5,295,5,72.25161
2026-05-30T11:59:46.455Z,MacBook-Air-Nicolas.local / Apple M1 / 8 GB RAM,Darwin 25.4.0 arm64,v22.13.1,~54.0.22,0.81.5,20260530,50,5,noViewportCulling,4,false,0.185083,0.184667,0.006135,63.154726,5415.167342,0.176084,0.005427,54,54,50,60,120,3789.283582,5,295,5,72.17955
2026-05-30T11:59:46.455Z,MacBook-Air-Nicolas.local / Apple M1 / 8 GB RAM,Darwin 25.4.0 arm64,v22.13.1,~54.0.22,0.81.5,20260530,50,5,noViewportCulling,5,false,0.201709,0.185521,0.004406,61.278705,5390.225365,0.177041,0.004875,54,54,50,60,120,3676.722295,5,295,5,72.0578
2026-05-30T11:59:46.455Z,MacBook-Air-Nicolas.local / Apple M1 / 8 GB RAM,Darwin 25.4.0 arm64,v22.13.1,~54.0.22,0.81.5,20260530,50,5,noViewportCulling,6,false,0.1845,0.183792,0.005218,61.11972,5440.948031,0.175125,0.004062,54,54,50,60,120,3667.183208,5,295,5,72.065193
2026-05-30T11:59:46.455Z,MacBook-Air-Nicolas.local / Apple M1 / 8 GB RAM,Darwin 25.4.0 arm64,v22.13.1,~54.0.22,0.81.5,20260530,50,5,noViewportCulling,7,false,0.42775,0.184521,0.003615,63.191708,5419.437354,0.175,0.003677,54,54,50,60,120,3791.5025,5,295,5,72.26561
2026-05-30T11:59:46.455Z,MacBook-Air-Nicolas.local / Apple M1 / 8 GB RAM,Darwin 25.4.0 arm64,v22.13.1,~54.0.22,0.81.5,20260530,50,5,noSelectiveSmartRouting,0,false,0.539,0.188603,0.006,65.127496,5302.12854,0.179271,0.005562,54,54,50,60,120,3907.649787,5,295,5,72.391426
2026-05-30T11:59:46.455Z,MacBook-Air-Nicolas.local / Apple M1 / 8 GB RAM,Darwin 25.4.0 arm64,v22.13.1,~54.0.22,0.81.5,20260530,50,5,noSelectiveSmartRouting,1,false,0.218583,0.185479,0.003365,62.700087,5391.445932,0.176834,0.003333,54,54,50,60,120,3762.00525,5,295,5,72.184303
2026-05-30T11:59:46.455Z,MacBook-Air-Nicolas.local / Apple M1 / 8 GB RAM,Darwin 25.4.0 arm64,v22.13.1,~54.0.22,0.81.5,20260530,50,5,noSelectiveSmartRouting,2,false,0.18175,0.183833,0.004719,62.799881,5439.70495,0.17477,0.004124,54,54,50,60,120,3767.992835,5,295,5,72.357269
2026-05-30T11:59:46.455Z,MacBook-Air-Nicolas.local / Apple M1 / 8 GB RAM,Darwin 25.4.0 arm64,v22.13.1,~54.0.22,0.81.5,20260530,50,5,noSelectiveSmartRouting,3,false,0.199917,0.185145,0.003709,61.584897,5401.157468,0.176229,0.003635,54,54,50,60,120,3695.093793,5,295,5,72.21434
2026-05-30T11:59:46.455Z,MacBook-Air-Nicolas.local / Apple M1 / 8 GB RAM,Darwin 25.4.0 arm64,v22.13.1,~54.0.22,0.81.5,20260530,50,5,noSelectiveSmartRouting,4,false,0.205417,0.185521,0.004938,62.075678,5390.225365,0.176958,0.004291,54,54,50,60,120,3724.540703,5,295,5,72.47113
2026-05-30T11:59:46.455Z,MacBook-Air-Nicolas.local / Apple M1 / 8 GB RAM,Darwin 25.4.0 arm64,v22.13.1,~54.0.22,0.81.5,20260530,50,5,noSelectiveSmartRouting,5,false,0.211625,0.183771,0.00474,63.271935,5441.554979,0.174958,0.004782,54,54,50,60,120,3796.316122,5,295,5,72.354759
2026-05-30T11:59:46.455Z,MacBook-Air-Nicolas.local / Apple M1 / 8 GB RAM,Darwin 25.4.0 arm64,v22.13.1,~54.0.22,0.81.5,20260530,50,5,noSelectiveSmartRouting,6,false,0.17925,0.185417,0.007282,62.6029,5393.248731,0.176666,0.007083,54,54,50,60,120,3756.174003,5,295,5,72.315231
2026-05-30T11:59:46.455Z,MacBook-Air-Nicolas.local / Apple M1 / 8 GB RAM,Darwin 25.4.0 arm64,v22.13.1,~54.0.22,0.81.5,20260530,50,5,noSelectiveSmartRouting,7,false,0.22275,0.185229,0.003865,62.719676,5398.708089,0.176667,0.003178,54,54,50,60,120,3763.180541,5,295,5,72.15641
2026-05-30T11:59:46.455Z,MacBook-Air-Nicolas.local / Apple M1 / 8 GB RAM,Darwin 25.4.0 arm64,v22.13.1,~54.0.22,0.81.5,20260530,50,5,noTransformThrottle,0,false,0.185,0.185063,0.006354,31.044022,5403.579871,0.176478,0.006584,54,54,50,120,120,3725.28267,5,595,5,72.366943
2026-05-30T11:59:46.455Z,MacBook-Air-Nicolas.local / Apple M1 / 8 GB RAM,Darwin 25.4.0 arm64,v22.13.1,~54.0.22,0.81.5,20260530,50,5,noTransformThrottle,1,false,0.205625,0.158563,0.030813,31.243608,6306.641524,0.149896,0.030324,54,54,50,120,120,3749.23301,5,595,5,72.506287
2026-05-30T11:59:46.455Z,MacBook-Air-Nicolas.local / Apple M1 / 8 GB RAM,Darwin 25.4.0 arm64,v22.13.1,~54.0.22,0.81.5,20260530,50,5,noTransformThrottle,2,false,0.209125,0.183542,0.004657,31.358624,5448.35909,0.174875,0.004458,54,54,50,120,120,3763.034835,5,595,5,72.543808
2026-05-30T11:59:46.455Z,MacBook-Air-Nicolas.local / Apple M1 / 8 GB RAM,Darwin 25.4.0 arm64,v22.13.1,~54.0.22,0.81.5,20260530,50,5,noTransformThrottle,3,false,0.21725,0.162292,0.030448,31.184626,6161.752156,0.152188,0.030511,54,54,50,120,120,3742.155132,5,595,5,72.313133
2026-05-30T11:59:46.455Z,MacBook-Air-Nicolas.local / Apple M1 / 8 GB RAM,Darwin 25.4.0 arm64,v22.13.1,~54.0.22,0.81.5,20260530,50,5,noTransformThrottle,4,false,0.242541,0.187438,0.023125,36.282136,5335.111704,0.178229,0.016636,54,54,50,120,120,4353.856288,5,595,5,72.400383
2026-05-30T11:59:46.455Z,MacBook-Air-Nicolas.local / Apple M1 / 8 GB RAM,Darwin 25.4.0 arm64,v22.13.1,~54.0.22,0.81.5,20260530,50,5,noTransformThrottle,5,false,0.281792,0.158563,0.030573,35.793078,6306.661411,0.149125,0.030479,54,54,50,120,120,4295.169412,5,595,5,74.154617
2026-05-30T11:59:46.455Z,MacBook-Air-Nicolas.local / Apple M1 / 8 GB RAM,Darwin 25.4.0 arm64,v22.13.1,~54.0.22,0.81.5,20260530,50,5,noTransformThrottle,6,false,0.191041,0.183125,0.003635,31.142833,5460.750853,0.174626,0.003541,54,54,50,120,120,3737.139912,5,595,5,72.547165
2026-05-30T11:59:46.455Z,MacBook-Air-Nicolas.local / Apple M1 / 8 GB RAM,Darwin 25.4.0 arm64,v22.13.1,~54.0.22,0.81.5,20260530,50,5,noTransformThrottle,7,false,0.208458,0.157625,0.030427,31.006597,6344.171292,0.148667,0.030292,54,54,50,120,120,3720.791624,5,595,5,72.568024
2026-05-30T11:59:46.455Z,MacBook-Air-Nicolas.local / Apple M1 / 8 GB RAM,Darwin 25.4.0 arm64,v22.13.1,~54.0.22,0.81.5,20260530,100,10,baseline,0,false,0.497833,0.026354,0.000979,0.030151,37944.903976,0.010021,0.000792,109,109,100,120,120,3.618123,0,0,0,21.981056
2026-05-30T11:59:46.455Z,MacBook-Air-Nicolas.local / Apple M1 / 8 GB RAM,Darwin 25.4.0 arm64,v22.13.1,~54.0.22,0.81.5,20260530,100,10,baseline,1,false,0.432833,0.027708,0.002531,0.032552,36090.659745,0.010562,0.001052,109,109,100,120,120,3.906243,0,0,0,21.984848
2026-05-30T11:59:46.455Z,MacBook-Air-Nicolas.local / Apple M1 / 8 GB RAM,Darwin 25.4.0 arm64,v22.13.1,~54.0.22,0.81.5,20260530,100,10,baseline,2,false,0.878417,0.027354,0.000376,0.030517,36557.056453,0.010292,0.000583,109,109,100,120,120,3.662081,0,0,0,21.996658
2026-05-30T11:59:46.455Z,MacBook-Air-Nicolas.local / Apple M1 / 8 GB RAM,Darwin 25.4.0 arm64,v22.13.1,~54.0.22,0.81.5,20260530,100,10,baseline,3,false,0.479708,0.029459,0.002959,0.039753,33946.059702,0.0105,0.000885,109,109,100,120,120,4.770335,0,0,0,22.035812
2026-05-30T11:59:46.455Z,MacBook-Air-Nicolas.local / Apple M1 / 8 GB RAM,Darwin 25.4.0 arm64,v22.13.1,~54.0.22,0.81.5,20260530,100,10,baseline,4,false,0.529833,0.027271,0.001479,0.030509,36668.989057,0.010209,0.000563,109,109,100,120,120,3.661088,0,0,0,21.981804
2026-05-30T11:59:46.455Z,MacBook-Air-Nicolas.local / Apple M1 / 8 GB RAM,Darwin 25.4.0 arm64,v22.13.1,~54.0.22,0.81.5,20260530,100,10,baseline,5,false,0.457291,0.027417,0.000885,0.033578,36473.720678,0.010396,0.000636,109,109,100,120,120,4.029415,0,0,0,21.987701
2026-05-30T11:59:46.455Z,MacBook-Air-Nicolas.local / Apple M1 / 8 GB RAM,Darwin 25.4.0 arm64,v22.13.1,~54.0.22,0.81.5,20260530,100,10,baseline,6,false,0.54975,0.027125,0.001968,0.031005,36866.359456,0.010334,0.001011,109,109,100,120,120,3.720541,0,0,0,21.988663
2026-05-30T11:59:46.455Z,MacBook-Air-Nicolas.local / Apple M1 / 8 GB RAM,Darwin 25.4.0 arm64,v22.13.1,~54.0.22,0.81.5,20260530,100,10,baseline,7,false,0.453208,0.0285,0.002437,0.031894,35087.719298,0.010562,0.000792,109,109,100,120,120,3.827287,0,0,0,21.992363
2026-05-30T11:59:46.455Z,MacBook-Air-Nicolas.local / Apple M1 / 8 GB RAM,Darwin 25.4.0 arm64,v22.13.1,~54.0.22,0.81.5,20260530,100,10,optimized,0,false,0.458916,0.040979,0.008521,0.047358,24402.74287,0.020542,0.001459,90,90,100,60,120,2.841497,0,0,0,20.192802
2026-05-30T11:59:46.455Z,MacBook-Air-Nicolas.local / Apple M1 / 8 GB RAM,Darwin 25.4.0 arm64,v22.13.1,~54.0.22,0.81.5,20260530,100,10,optimized,1,false,0.477041,0.040583,0.00548,0.043066,24640.555892,0.020251,0.000917,90,90,100,60,120,2.583953,0,0,0,20.141701
2026-05-30T11:59:46.455Z,MacBook-Air-Nicolas.local / Apple M1 / 8 GB RAM,Darwin 25.4.0 arm64,v22.13.1,~54.0.22,0.81.5,20260530,100,10,optimized,2,false,0.429833,0.040605,0.004302,0.041615,24627.812181,0.019979,0.00103,90,90,100,60,120,2.49688,0,0,0,20.128891
2026-05-30T11:59:46.455Z,MacBook-Air-Nicolas.local / Apple M1 / 8 GB RAM,Darwin 25.4.0 arm64,v22.13.1,~54.0.22,0.81.5,20260530,100,10,optimized,3,false,0.438208,0.024958,0.004583,0.03059,40066.51041,0.007563,0.00075,90,90,100,60,120,1.835417,0,0,0,19.951248
2026-05-30T11:59:46.455Z,MacBook-Air-Nicolas.local / Apple M1 / 8 GB RAM,Darwin 25.4.0 arm64,v22.13.1,~54.0.22,0.81.5,20260530,100,10,optimized,4,false,1.002583,0.026854,0.001802,0.029694,37237.706922,0.007542,0.000833,90,90,100,60,120,1.78163,0,0,0,19.995277
2026-05-30T11:59:46.455Z,MacBook-Air-Nicolas.local / Apple M1 / 8 GB RAM,Darwin 25.4.0 arm64,v22.13.1,~54.0.22,0.81.5,20260530,100,10,optimized,5,false,0.438792,0.024875,0.00426,0.027706,40201.005021,0.007459,0.000708,90,90,100,60,120,1.662336,0,0,0,19.962814
2026-05-30T11:59:46.455Z,MacBook-Air-Nicolas.local / Apple M1 / 8 GB RAM,Darwin 25.4.0 arm64,v22.13.1,~54.0.22,0.81.5,20260530,100,10,optimized,6,false,0.434125,0.024708,0.00301,0.029128,40472.721414,0.007542,0.000635,90,90,100,60,120,1.747664,0,0,0,19.998085
2026-05-30T11:59:46.455Z,MacBook-Air-Nicolas.local / Apple M1 / 8 GB RAM,Darwin 25.4.0 arm64,v22.13.1,~54.0.22,0.81.5,20260530,100,10,optimized,7,false,0.426709,0.025479,0.003146,0.028365,39248.008136,0.007604,0.000708,90,90,100,60,120,1.701915,0,0,0,19.930855
2026-05-30T11:59:46.455Z,MacBook-Air-Nicolas.local / Apple M1 / 8 GB RAM,Darwin 25.4.0 arm64,v22.13.1,~54.0.22,0.81.5,20260530,100,10,noViewportCulling,0,false,0.377666,0.026062,0.003479,0.02818,38369.304587,0.007833,0.000656,90,90,100,60,120,1.690791,0,0,0,19.948471
2026-05-30T11:59:46.455Z,MacBook-Air-Nicolas.local / Apple M1 / 8 GB RAM,Darwin 25.4.0 arm64,v22.13.1,~54.0.22,0.81.5,20260530,100,10,noViewportCulling,1,false,0.447166,0.026416,0.00175,0.027863,37855.128428,0.007833,0.000625,90,90,100,60,120,1.67179,0,0,0,19.947083
2026-05-30T11:59:46.455Z,MacBook-Air-Nicolas.local / Apple M1 / 8 GB RAM,Darwin 25.4.0 arm64,v22.13.1,~54.0.22,0.81.5,20260530,100,10,noViewportCulling,2,false,0.744792,0.02827,0.052312,0.04548,35372.561505,0.008271,0.013062,90,90,100,60,120,2.728828,0,0,0,19.981277
2026-05-30T11:59:46.455Z,MacBook-Air-Nicolas.local / Apple M1 / 8 GB RAM,Darwin 25.4.0 arm64,v22.13.1,~54.0.22,0.81.5,20260530,100,10,noViewportCulling,3,false,0.403083,0.026771,0.005333,0.028946,37354.550717,0.007521,0.000885,90,90,100,60,120,1.736752,0,0,0,20.091499
2026-05-30T11:59:46.455Z,MacBook-Air-Nicolas.local / Apple M1 / 8 GB RAM,Darwin 25.4.0 arm64,v22.13.1,~54.0.22,0.81.5,20260530,100,10,noViewportCulling,4,false,0.351416,0.026104,0.005073,0.028635,38308.305256,0.007729,0.001021,90,90,100,60,120,1.718124,0,0,0,19.954315
2026-05-30T11:59:46.455Z,MacBook-Air-Nicolas.local / Apple M1 / 8 GB RAM,Darwin 25.4.0 arm64,v22.13.1,~54.0.22,0.81.5,20260530,100,10,noViewportCulling,5,false,0.373375,0.023417,0.000469,0.025324,42704.018467,0.007229,0.0005,90,90,100,60,120,1.519463,0,0,0,19.931786
2026-05-30T11:59:46.455Z,MacBook-Air-Nicolas.local / Apple M1 / 8 GB RAM,Darwin 25.4.0 arm64,v22.13.1,~54.0.22,0.81.5,20260530,100,10,noViewportCulling,6,false,0.342416,0.023458,0.000928,0.026522,42629.38015,0.007145,0.000583,90,90,100,60,120,1.591296,0,0,0,19.931885
2026-05-30T11:59:46.455Z,MacBook-Air-Nicolas.local / Apple M1 / 8 GB RAM,Darwin 25.4.0 arm64,v22.13.1,~54.0.22,0.81.5,20260530,100,10,noViewportCulling,7,false,0.447541,0.023833,0.001115,0.025792,41957.748567,0.007313,0.000802,90,90,100,60,120,1.547504,0,0,0,19.93103
2026-05-30T11:59:46.455Z,MacBook-Air-Nicolas.local / Apple M1 / 8 GB RAM,Darwin 25.4.0 arm64,v22.13.1,~54.0.22,0.81.5,20260530,100,10,noSelectiveSmartRouting,0,false,0.341833,0.02525,0.00299,0.029266,39603.960387,0.007605,0.000688,90,90,100,60,120,1.755961,0,0,0,19.991615
2026-05-30T11:59:46.455Z,MacBook-Air-Nicolas.local / Apple M1 / 8 GB RAM,Darwin 25.4.0 arm64,v22.13.1,~54.0.22,0.81.5,20260530,100,10,noSelectiveSmartRouting,1,false,0.336708,0.025271,0.000948,0.026822,39571.832766,0.008063,0.000521,90,90,100,60,120,1.609332,0,0,0,19.960213
2026-05-30T11:59:46.455Z,MacBook-Air-Nicolas.local / Apple M1 / 8 GB RAM,Darwin 25.4.0 arm64,v22.13.1,~54.0.22,0.81.5,20260530,100,10,noSelectiveSmartRouting,2,false,0.509042,0.024396,0.001375,0.025786,40990.32627,0.007375,0.000647,90,90,100,60,120,1.547169,0,0,0,20.019188
2026-05-30T11:59:46.455Z,MacBook-Air-Nicolas.local / Apple M1 / 8 GB RAM,Darwin 25.4.0 arm64,v22.13.1,~54.0.22,0.81.5,20260530,100,10,noSelectiveSmartRouting,3,false,0.366458,0.023959,0.000636,0.025667,41737.969033,0.007312,0.000666,90,90,100,60,120,1.540003,0,0,0,19.934151
2026-05-30T11:59:46.455Z,MacBook-Air-Nicolas.local / Apple M1 / 8 GB RAM,Darwin 25.4.0 arm64,v22.13.1,~54.0.22,0.81.5,20260530,100,10,noSelectiveSmartRouting,4,false,0.338167,0.025021,0.002344,0.026834,39967.226866,0.00775,0.000677,90,90,100,60,120,1.610037,0,0,0,19.964607
2026-05-30T11:59:46.455Z,MacBook-Air-Nicolas.local / Apple M1 / 8 GB RAM,Darwin 25.4.0 arm64,v22.13.1,~54.0.22,0.81.5,20260530,100,10,noSelectiveSmartRouting,5,false,0.337792,0.025709,0.005105,0.028081,38897.640851,0.007542,0.001042,90,90,100,60,120,1.684873,0,0,0,20.005806
2026-05-30T11:59:46.455Z,MacBook-Air-Nicolas.local / Apple M1 / 8 GB RAM,Darwin 25.4.0 arm64,v22.13.1,~54.0.22,0.81.5,20260530,100,10,noSelectiveSmartRouting,6,false,0.340833,0.024855,0.002021,0.02706,40234.162817,0.0075,0.000771,90,90,100,60,120,1.623582,0,0,0,19.995697
2026-05-30T11:59:46.455Z,MacBook-Air-Nicolas.local / Apple M1 / 8 GB RAM,Darwin 25.4.0 arm64,v22.13.1,~54.0.22,0.81.5,20260530,100,10,noSelectiveSmartRouting,7,false,0.412625,0.024145,0.002241,0.027413,41415.584698,0.007417,0.000594,90,90,100,60,120,1.644787,0,0,0,19.932755
2026-05-30T11:59:46.455Z,MacBook-Air-Nicolas.local / Apple M1 / 8 GB RAM,Darwin 25.4.0 arm64,v22.13.1,~54.0.22,0.81.5,20260530,100,10,noTransformThrottle,0,false,0.328708,0.024709,0.001177,0.029529,40471.90238,0.0075,0.000397,90,90,100,120,120,3.543453,0,0,0,22.057999
2026-05-30T11:59:46.455Z,MacBook-Air-Nicolas.local / Apple M1 / 8 GB RAM,Darwin 25.4.0 arm64,v22.13.1,~54.0.22,0.81.5,20260530,100,10,noTransformThrottle,1,false,0.312083,0.02375,0.001969,0.027379,42105.263119,0.007125,0.000583,90,90,100,120,120,3.2855,0,0,0,22.119476
2026-05-30T11:59:46.455Z,MacBook-Air-Nicolas.local / Apple M1 / 8 GB RAM,Darwin 25.4.0 arm64,v22.13.1,~54.0.22,0.81.5,20260530,100,10,noTransformThrottle,2,false,0.666417,0.023417,0.000707,0.027063,42704.018467,0.007083,0.000385,90,90,100,120,120,3.247535,0,0,0,22.124649
2026-05-30T11:59:46.455Z,MacBook-Air-Nicolas.local / Apple M1 / 8 GB RAM,Darwin 25.4.0 arm64,v22.13.1,~54.0.22,0.81.5,20260530,100,10,noTransformThrottle,3,false,0.453916,0.023645,0.000689,0.0264,42291.34508,0.007083,0.000385,90,90,100,120,120,3.168041,0,0,0,22.064598
2026-05-30T11:59:46.455Z,MacBook-Air-Nicolas.local / Apple M1 / 8 GB RAM,Darwin 25.4.0 arm64,v22.13.1,~54.0.22,0.81.5,20260530,100,10,noTransformThrottle,4,false,0.317125,0.023416,0.000979,0.026351,42705.842139,0.007062,0.00049,90,90,100,120,120,3.162121,0,0,0,22.102722
2026-05-30T11:59:46.455Z,MacBook-Air-Nicolas.local / Apple M1 / 8 GB RAM,Darwin 25.4.0 arm64,v22.13.1,~54.0.22,0.81.5,20260530,100,10,noTransformThrottle,5,false,0.338667,0.023333,0.000583,0.027207,42857.755102,0.006958,0.000375,90,90,100,120,120,3.264837,0,0,0,22.060951
2026-05-30T11:59:46.455Z,MacBook-Air-Nicolas.local / Apple M1 / 8 GB RAM,Darwin 25.4.0 arm64,v22.13.1,~54.0.22,0.81.5,20260530,100,10,noTransformThrottle,6,false,0.31825,0.024084,0.001812,0.028091,41521.341962,0.0075,0.000541,90,90,100,120,120,3.370962,0,0,0,22.066269
2026-05-30T11:59:46.455Z,MacBook-Air-Nicolas.local / Apple M1 / 8 GB RAM,Darwin 25.4.0 arm64,v22.13.1,~54.0.22,0.81.5,20260530,100,10,noTransformThrottle,7,false,0.91225,0.023875,0.001771,0.029108,41884.816756,0.007125,0.000553,90,90,100,120,120,3.492962,0,0,0,22.096466
2026-05-30T11:59:46.455Z,MacBook-Air-Nicolas.local / Apple M1 / 8 GB RAM,Darwin 25.4.0 arm64,v22.13.1,~54.0.22,0.81.5,20260530,250,25,baseline,0,false,0.8255,0.070541,0.007553,0.082711,14176.052395,0.028229,0.006552,274,274,250,120,120,9.92537,0,0,0,22.200104
2026-05-30T11:59:46.455Z,MacBook-Air-Nicolas.local / Apple M1 / 8 GB RAM,Darwin 25.4.0 arm64,v22.13.1,~54.0.22,0.81.5,20260530,250,25,baseline,1,false,0.886459,0.069291,0.004927,0.082894,14431.784563,0.027687,0.001958,274,274,250,120,120,9.947329,0,0,0,22.260201
2026-05-30T11:59:46.455Z,MacBook-Air-Nicolas.local / Apple M1 / 8 GB RAM,Darwin 25.4.0 arm64,v22.13.1,~54.0.22,0.81.5,20260530,250,25,baseline,2,false,0.930834,0.06927,0.007344,0.083303,14436.159694,0.027834,0.00374,274,274,250,120,120,9.996419,0,0,0,22.219315
2026-05-30T11:59:46.455Z,MacBook-Air-Nicolas.local / Apple M1 / 8 GB RAM,Darwin 25.4.0 arm64,v22.13.1,~54.0.22,0.81.5,20260530,250,25,baseline,3,false,1.157041,0.06823,0.003375,0.077134,14656.416946,0.027208,0.002573,274,274,250,120,120,9.256077,0,0,0,22.221436
2026-05-30T11:59:46.455Z,MacBook-Air-Nicolas.local / Apple M1 / 8 GB RAM,Darwin 25.4.0 arm64,v22.13.1,~54.0.22,0.81.5,20260530,250,25,baseline,4,false,0.96075,0.071521,0.010604,0.086408,13982.005159,0.029187,0.006687,274,274,250,120,120,10.368917,0,0,0,22.253029
2026-05-30T11:59:46.455Z,MacBook-Air-Nicolas.local / Apple M1 / 8 GB RAM,Darwin 25.4.0 arm64,v22.13.1,~54.0.22,0.81.5,20260530,250,25,baseline,5,false,0.860708,0.073875,0.006917,0.088325,13536.287404,0.031687,0.003646,274,274,250,120,120,10.599001,0,0,0,22.221619
2026-05-30T11:59:46.455Z,MacBook-Air-Nicolas.local / Apple M1 / 8 GB RAM,Darwin 25.4.0 arm64,v22.13.1,~54.0.22,0.81.5,20260530,250,25,baseline,6,false,0.781166,0.068584,0.006333,0.080776,14580.76651,0.027895,0.003448,274,274,250,120,120,9.693125,0,0,0,22.239227
2026-05-30T11:59:46.455Z,MacBook-Air-Nicolas.local / Apple M1 / 8 GB RAM,Darwin 25.4.0 arm64,v22.13.1,~54.0.22,0.81.5,20260530,250,25,baseline,7,false,0.896917,0.070563,0.008375,0.083337,14171.833479,0.028916,0.004448,274,274,250,120,120,10.000464,0,0,0,22.25605
2026-05-30T11:59:46.455Z,MacBook-Air-Nicolas.local / Apple M1 / 8 GB RAM,Darwin 25.4.0 arm64,v22.13.1,~54.0.22,0.81.5,20260530,250,25,optimized,0,false,0.938417,0.050896,0.009968,0.06206,19647.909468,0.008146,0.002844,90,90,250,60,120,3.723585,0,0,0,21.93383
2026-05-30T11:59:46.455Z,MacBook-Air-Nicolas.local / Apple M1 / 8 GB RAM,Darwin 25.4.0 arm64,v22.13.1,~54.0.22,0.81.5,20260530,250,25,optimized,1,false,0.845959,0.049688,0.001771,0.055732,20125.78616,0.007687,0.000687,90,90,250,60,120,3.343917,0,0,0,21.994141
2026-05-30T11:59:46.455Z,MacBook-Air-Nicolas.local / Apple M1 / 8 GB RAM,Darwin 25.4.0 arm64,v22.13.1,~54.0.22,0.81.5,20260530,250,25,optimized,2,false,0.801459,0.046834,0.003177,0.053506,21352.237179,0.00677,0.000468,90,90,250,60,120,3.210334,0,0,0,22.057976
2026-05-30T11:59:46.455Z,MacBook-Air-Nicolas.local / Apple M1 / 8 GB RAM,Darwin 25.4.0 arm64,v22.13.1,~54.0.22,0.81.5,20260530,250,25,optimized,3,false,0.951292,0.049042,0.003312,0.059233,20390.685535,0.007208,0.001146,90,90,250,60,120,3.554006,0,0,0,21.932091
2026-05-30T11:59:46.455Z,MacBook-Air-Nicolas.local / Apple M1 / 8 GB RAM,Darwin 25.4.0 arm64,v22.13.1,~54.0.22,0.81.5,20260530,250,25,optimized,4,false,0.823167,0.050771,0.007615,0.063418,19696.283308,0.007833,0.001531,90,90,250,60,120,3.805078,0,0,0,22.012627
2026-05-30T11:59:46.455Z,MacBook-Air-Nicolas.local / Apple M1 / 8 GB RAM,Darwin 25.4.0 arm64,v22.13.1,~54.0.22,0.81.5,20260530,250,25,optimized,5,false,0.898917,0.047875,0.002396,0.055001,20887.728452,0.007437,0.000636,90,90,250,60,120,3.300085,0,0,0,22.029099
2026-05-30T11:59:46.455Z,MacBook-Air-Nicolas.local / Apple M1 / 8 GB RAM,Darwin 25.4.0 arm64,v22.13.1,~54.0.22,0.81.5,20260530,250,25,optimized,6,false,0.82125,0.049146,0.003927,0.058032,20347.535917,0.007437,0.001396,90,90,250,60,120,3.481917,0,0,0,21.928284
2026-05-30T11:59:46.455Z,MacBook-Air-Nicolas.local / Apple M1 / 8 GB RAM,Darwin 25.4.0 arm64,v22.13.1,~54.0.22,0.81.5,20260530,250,25,optimized,7,false,1.645959,0.049916,0.005896,0.060498,20033.656547,0.007791,0.000708,90,90,250,60,120,3.629873,0,0,0,22.020027
2026-05-30T11:59:46.455Z,MacBook-Air-Nicolas.local / Apple M1 / 8 GB RAM,Darwin 25.4.0 arm64,v22.13.1,~54.0.22,0.81.5,20260530,250,25,noViewportCulling,0,false,0.886083,0.047021,0.005426,0.054359,21267.09343,0.006958,0.000738,90,90,250,60,120,3.261538,0,0,0,21.940338
2026-05-30T11:59:46.455Z,MacBook-Air-Nicolas.local / Apple M1 / 8 GB RAM,Darwin 25.4.0 arm64,v22.13.1,~54.0.22,0.81.5,20260530,250,25,noViewportCulling,1,false,0.950667,0.049188,0.003437,0.05859,20330.368488,0.007104,0.000802,90,90,250,60,120,3.515378,0,0,0,21.933228
2026-05-30T11:59:46.455Z,MacBook-Air-Nicolas.local / Apple M1 / 8 GB RAM,Darwin 25.4.0 arm64,v22.13.1,~54.0.22,0.81.5,20260530,250,25,noViewportCulling,2,false,1.310625,0.049813,0.010188,0.066308,20075.282308,0.007584,0.001636,90,90,250,60,120,3.978499,0,0,0,21.999771
2026-05-30T11:59:46.455Z,MacBook-Air-Nicolas.local / Apple M1 / 8 GB RAM,Darwin 25.4.0 arm64,v22.13.1,~54.0.22,0.81.5,20260530,250,25,noViewportCulling,3,false,0.823583,0.049313,0.007396,0.059584,20278.833964,0.007687,0.000938,90,90,250,60,120,3.575043,0,0,0,22.031906
2026-05-30T11:59:46.455Z,MacBook-Air-Nicolas.local / Apple M1 / 8 GB RAM,Darwin 25.4.0 arm64,v22.13.1,~54.0.22,0.81.5,20260530,250,25,noViewportCulling,4,false,0.836375,0.049041,0.005135,0.061563,20390.893429,0.007542,0.001605,90,90,250,60,120,3.693789,0,0,0,22.010307
2026-05-30T11:59:46.455Z,MacBook-Air-Nicolas.local / Apple M1 / 8 GB RAM,Darwin 25.4.0 arm64,v22.13.1,~54.0.22,0.81.5,20260530,250,25,noViewportCulling,5,false,0.764125,0.047208,0.002011,0.054146,21182.850369,0.006916,0.000843,90,90,250,60,120,3.248744,0,0,0,21.996155
2026-05-30T11:59:46.455Z,MacBook-Air-Nicolas.local / Apple M1 / 8 GB RAM,Darwin 25.4.0 arm64,v22.13.1,~54.0.22,0.81.5,20260530,250,25,noViewportCulling,6,false,0.888667,0.049375,0.004604,0.058234,20253.164556,0.007312,0.001312,90,90,250,60,120,3.494038,0,0,0,21.939331
2026-05-30T11:59:46.455Z,MacBook-Air-Nicolas.local / Apple M1 / 8 GB RAM,Darwin 25.4.0 arm64,v22.13.1,~54.0.22,0.81.5,20260530,250,25,noViewportCulling,7,false,1.376333,0.047438,0.003928,0.053752,21080.146714,0.006917,0.001082,90,90,250,60,120,3.225125,0,0,0,22.005058
2026-05-30T11:59:46.455Z,MacBook-Air-Nicolas.local / Apple M1 / 8 GB RAM,Darwin 25.4.0 arm64,v22.13.1,~54.0.22,0.81.5,20260530,250,25,noSelectiveSmartRouting,0,false,0.876958,0.049584,0.001281,0.057303,20167.999434,0.007708,0.000511,90,90,250,60,120,3.438166,0,0,0,22.013588
2026-05-30T11:59:46.455Z,MacBook-Air-Nicolas.local / Apple M1 / 8 GB RAM,Darwin 25.4.0 arm64,v22.13.1,~54.0.22,0.81.5,20260530,250,25,noSelectiveSmartRouting,1,false,1.144292,0.047479,0.002604,0.054344,21061.943168,0.006917,0.000593,90,90,250,60,120,3.260625,0,0,0,22.023636
2026-05-30T11:59:46.455Z,MacBook-Air-Nicolas.local / Apple M1 / 8 GB RAM,Darwin 25.4.0 arm64,v22.13.1,~54.0.22,0.81.5,20260530,250,25,noSelectiveSmartRouting,2,false,0.745625,0.048604,0.003364,0.055182,20574.438313,0.007146,0.000844,90,90,250,60,120,3.310915,0,0,0,21.980156
2026-05-30T11:59:46.455Z,MacBook-Air-Nicolas.local / Apple M1 / 8 GB RAM,Darwin 25.4.0 arm64,v22.13.1,~54.0.22,0.81.5,20260530,250,25,noSelectiveSmartRouting,3,false,0.936917,0.050417,0.004521,0.062807,19834.776313,0.007708,0.001187,90,90,250,60,120,3.768413,0,0,0,21.92926
2026-05-30T11:59:46.455Z,MacBook-Air-Nicolas.local / Apple M1 / 8 GB RAM,Darwin 25.4.0 arm64,v22.13.1,~54.0.22,0.81.5,20260530,250,25,noSelectiveSmartRouting,4,false,0.919542,0.049187,0.004032,0.055206,20330.575147,0.007375,0.000969,90,90,250,60,120,3.312373,0,0,0,22.00914
2026-05-30T11:59:46.455Z,MacBook-Air-Nicolas.local / Apple M1 / 8 GB RAM,Darwin 25.4.0 arm64,v22.13.1,~54.0.22,0.81.5,20260530,250,25,noSelectiveSmartRouting,5,false,1.04875,0.052708,0.045948,0.094808,18972.452004,0.008355,0.005781,90,90,250,60,120,5.688456,0,0,0,21.989899
2026-05-30T11:59:46.455Z,MacBook-Air-Nicolas.local / Apple M1 / 8 GB RAM,Darwin 25.4.0 arm64,v22.13.1,~54.0.22,0.81.5,20260530,250,25,noSelectiveSmartRouting,6,false,1.024875,0.048875,0.001698,0.056325,20460.358053,0.007166,0.000479,90,90,250,60,120,3.379503,0,0,0,21.929794
2026-05-30T11:59:46.455Z,MacBook-Air-Nicolas.local / Apple M1 / 8 GB RAM,Darwin 25.4.0 arm64,v22.13.1,~54.0.22,0.81.5,20260530,250,25,noSelectiveSmartRouting,7,false,0.843125,0.052416,0.008417,0.061739,19077.962099,0.007688,0.001052,90,90,250,60,120,3.704337,0,0,0,21.991768
2026-05-30T11:59:46.455Z,MacBook-Air-Nicolas.local / Apple M1 / 8 GB RAM,Darwin 25.4.0 arm64,v22.13.1,~54.0.22,0.81.5,20260530,250,25,noTransformThrottle,0,false,0.826625,0.047688,0.003041,0.055389,20969.855831,0.007062,0.000927,90,90,250,120,120,6.646702,0,0,0,22.151329
2026-05-30T11:59:46.455Z,MacBook-Air-Nicolas.local / Apple M1 / 8 GB RAM,Darwin 25.4.0 arm64,v22.13.1,~54.0.22,0.81.5,20260530,250,25,noTransformThrottle,1,false,1.345,0.047167,0.003344,0.056374,21201.26359,0.007208,0.00098,90,90,250,120,120,6.764876,0,0,0,22.220673
2026-05-30T11:59:46.455Z,MacBook-Air-Nicolas.local / Apple M1 / 8 GB RAM,Darwin 25.4.0 arm64,v22.13.1,~54.0.22,0.81.5,20260530,250,25,noTransformThrottle,2,false,0.841125,0.049291,0.002479,0.061518,20287.679291,0.007458,0.000666,90,90,250,120,120,7.38221,0,0,0,22.186646
2026-05-30T11:59:46.455Z,MacBook-Air-Nicolas.local / Apple M1 / 8 GB RAM,Darwin 25.4.0 arm64,v22.13.1,~54.0.22,0.81.5,20260530,250,25,noTransformThrottle,3,false,0.866042,0.0495,0.003782,0.05827,20202.020205,0.007625,0.000834,90,90,250,120,120,6.992459,0,0,0,22.173347
2026-05-30T11:59:46.455Z,MacBook-Air-Nicolas.local / Apple M1 / 8 GB RAM,Darwin 25.4.0 arm64,v22.13.1,~54.0.22,0.81.5,20260530,250,25,noTransformThrottle,4,false,0.852542,0.047792,0.003833,0.057936,20924.222923,0.007229,0.001302,90,90,250,120,120,6.952374,0,0,0,22.191345
2026-05-30T11:59:46.455Z,MacBook-Air-Nicolas.local / Apple M1 / 8 GB RAM,Darwin 25.4.0 arm64,v22.13.1,~54.0.22,0.81.5,20260530,250,25,noTransformThrottle,5,false,0.814709,0.047354,0.001324,0.057336,21117.317257,0.007208,0.000667,90,90,250,120,120,6.880293,0,0,0,22.170776
2026-05-30T11:59:46.455Z,MacBook-Air-Nicolas.local / Apple M1 / 8 GB RAM,Darwin 25.4.0 arm64,v22.13.1,~54.0.22,0.81.5,20260530,250,25,noTransformThrottle,6,false,1.3145,0.047229,0.002156,0.05611,21173.431583,0.007,0.000667,90,90,250,120,120,6.733168,0,0,0,22.176132
2026-05-30T11:59:46.455Z,MacBook-Air-Nicolas.local / Apple M1 / 8 GB RAM,Darwin 25.4.0 arm64,v22.13.1,~54.0.22,0.81.5,20260530,250,25,noTransformThrottle,7,false,0.866625,0.048834,0.004125,0.059159,20477.745805,0.007458,0.001583,90,90,250,120,120,7.099118,0,0,0,22.157791
2026-05-30T11:59:46.455Z,MacBook-Air-Nicolas.local / Apple M1 / 8 GB RAM,Darwin 25.4.0 arm64,v22.13.1,~54.0.22,0.81.5,20260530,500,50,baseline,0,false,3.971167,0.157771,0.028833,0.186166,6338.300448,0.073708,0.018719,549,549,500,120,120,22.339959,0,0,0,22.4944
2026-05-30T11:59:46.455Z,MacBook-Air-Nicolas.local / Apple M1 / 8 GB RAM,Darwin 25.4.0 arm64,v22.13.1,~54.0.22,0.81.5,20260530,500,50,baseline,1,false,4.185416,0.16275,0.011666,0.187177,6144.393241,0.079,0.003772,549,549,500,120,120,22.461256,0,0,0,22.427605
2026-05-30T11:59:46.455Z,MacBook-Air-Nicolas.local / Apple M1 / 8 GB RAM,Darwin 25.4.0 arm64,v22.13.1,~54.0.22,0.81.5,20260530,500,50,baseline,2,false,3.94675,0.155354,0.023219,0.190197,6436.911827,0.071875,0.011865,549,549,500,120,120,22.823662,0,0,0,22.464592
2026-05-30T11:59:46.455Z,MacBook-Air-Nicolas.local / Apple M1 / 8 GB RAM,Darwin 25.4.0 arm64,v22.13.1,~54.0.22,0.81.5,20260530,500,50,baseline,3,false,3.417291,0.161959,0.024958,0.180136,6174.421225,0.076917,0.01577,549,549,500,120,120,21.616376,0,0,0,22.486832
2026-05-30T11:59:46.455Z,MacBook-Air-Nicolas.local / Apple M1 / 8 GB RAM,Darwin 25.4.0 arm64,v22.13.1,~54.0.22,0.81.5,20260530,500,50,baseline,4,false,4.275125,0.160521,0.018303,0.179383,6229.714492,0.074354,0.013447,549,549,500,120,120,21.52592,0,0,0,22.431999
2026-05-30T11:59:46.455Z,MacBook-Air-Nicolas.local / Apple M1 / 8 GB RAM,Darwin 25.4.0 arm64,v22.13.1,~54.0.22,0.81.5,20260530,500,50,baseline,5,false,3.814542,0.16925,0.023708,0.199434,5908.419498,0.084188,0.008375,549,549,500,120,120,23.932085,0,0,0,22.429558
2026-05-30T11:59:46.455Z,MacBook-Air-Nicolas.local / Apple M1 / 8 GB RAM,Darwin 25.4.0 arm64,v22.13.1,~54.0.22,0.81.5,20260530,500,50,baseline,6,false,3.695417,0.159521,0.014031,0.183843,6268.767122,0.075896,0.006594,549,549,500,120,120,22.061214,0,0,0,22.485931
2026-05-30T11:59:46.455Z,MacBook-Air-Nicolas.local / Apple M1 / 8 GB RAM,Darwin 25.4.0 arm64,v22.13.1,~54.0.22,0.81.5,20260530,500,50,baseline,7,false,4.732166,0.154646,0.027562,0.179815,6466.381284,0.071688,0.015552,549,549,500,120,120,21.577752,0,0,0,22.444984
2026-05-30T11:59:46.455Z,MacBook-Air-Nicolas.local / Apple M1 / 8 GB RAM,Darwin 25.4.0 arm64,v22.13.1,~54.0.22,0.81.5,20260530,500,50,optimized,0,false,3.610416,0.090729,0.005521,0.107126,11021.773514,0.007916,0.001105,90,90,500,60,120,6.427542,0,0,0,21.984756
2026-05-30T11:59:46.455Z,MacBook-Air-Nicolas.local / Apple M1 / 8 GB RAM,Darwin 25.4.0 arm64,v22.13.1,~54.0.22,0.81.5,20260530,500,50,optimized,1,false,3.719292,0.09375,0.016854,0.116632,10666.609779,0.008438,0.002927,90,90,500,60,120,6.997919,0,0,0,21.99659
2026-05-30T11:59:46.455Z,MacBook-Air-Nicolas.local / Apple M1 / 8 GB RAM,Darwin 25.4.0 arm64,v22.13.1,~54.0.22,0.81.5,20260530,500,50,optimized,2,false,1.762416,0.089208,0.00927,0.108556,11209.694144,0.007416,0.001261,90,90,500,60,120,6.513376,0,0,0,22.125397
2026-05-30T11:59:46.455Z,MacBook-Air-Nicolas.local / Apple M1 / 8 GB RAM,Darwin 25.4.0 arm64,v22.13.1,~54.0.22,0.81.5,20260530,500,50,optimized,3,false,4.0225,0.095521,0.018448,0.122333,10468.956925,0.008125,0.002031,90,90,500,60,120,7.339999,0,0,0,22.013885
2026-05-30T11:59:46.455Z,MacBook-Air-Nicolas.local / Apple M1 / 8 GB RAM,Darwin 25.4.0 arm64,v22.13.1,~54.0.22,0.81.5,20260530,500,50,optimized,4,false,1.833375,0.091875,0.010041,0.111128,10884.353743,0.007541,0.00101,90,90,500,60,120,6.667704,0,0,0,22.142334
2026-05-30T11:59:46.455Z,MacBook-Air-Nicolas.local / Apple M1 / 8 GB RAM,Darwin 25.4.0 arm64,v22.13.1,~54.0.22,0.81.5,20260530,500,50,optimized,5,false,4.154333,0.092834,0.012084,0.111342,10771.973479,0.007917,0.00101,90,90,500,60,120,6.680501,0,0,0,22.012817
2026-05-30T11:59:46.455Z,MacBook-Air-Nicolas.local / Apple M1 / 8 GB RAM,Darwin 25.4.0 arm64,v22.13.1,~54.0.22,0.81.5,20260530,500,50,optimized,6,false,1.778625,0.091021,0.007927,0.11524,10986.475648,0.0075,0.000958,90,90,500,60,120,6.914377,0,0,0,22.142464
2026-05-30T11:59:46.455Z,MacBook-Air-Nicolas.local / Apple M1 / 8 GB RAM,Darwin 25.4.0 arm64,v22.13.1,~54.0.22,0.81.5,20260530,500,50,optimized,7,false,3.562416,0.09075,0.005552,0.108065,11019.283746,0.007583,0.000948,90,90,500,60,120,6.48392,0,0,0,21.984993
2026-05-30T11:59:46.455Z,MacBook-Air-Nicolas.local / Apple M1 / 8 GB RAM,Darwin 25.4.0 arm64,v22.13.1,~54.0.22,0.81.5,20260530,500,50,noViewportCulling,0,false,4.419708,0.094646,0.010469,0.115329,10565.686876,0.00773,0.001031,90,90,500,60,120,6.919749,0,0,0,22.012024
2026-05-30T11:59:46.455Z,MacBook-Air-Nicolas.local / Apple M1 / 8 GB RAM,Darwin 25.4.0 arm64,v22.13.1,~54.0.22,0.81.5,20260530,500,50,noViewportCulling,1,false,4.472625,0.099417,0.017229,0.128456,10058.641882,0.008063,0.002823,90,90,500,60,120,7.70738,0,0,0,22.031151
2026-05-30T11:59:46.455Z,MacBook-Air-Nicolas.local / Apple M1 / 8 GB RAM,Darwin 25.4.0 arm64,v22.13.1,~54.0.22,0.81.5,20260530,500,50,noViewportCulling,2,false,1.66275,0.089479,0.007365,0.10568,11175.744166,0.007583,0.001385,90,90,500,60,120,6.340791,0,0,0,22.12944
2026-05-30T11:59:46.455Z,MacBook-Air-Nicolas.local / Apple M1 / 8 GB RAM,Darwin 25.4.0 arm64,v22.13.1,~54.0.22,0.81.5,20260530,500,50,noViewportCulling,3,false,3.993958,0.093354,0.005344,0.1177,10711.913791,0.008334,0.001458,90,90,500,60,120,7.062,0,0,0,22.017197
2026-05-30T11:59:46.455Z,MacBook-Air-Nicolas.local / Apple M1 / 8 GB RAM,Darwin 25.4.0 arm64,v22.13.1,~54.0.22,0.81.5,20260530,500,50,noViewportCulling,4,false,2.112666,0.091083,0.010614,0.109172,10978.93691,0.007563,0.001718,90,90,500,60,120,6.550336,0,0,0,22.115112
2026-05-30T11:59:46.455Z,MacBook-Air-Nicolas.local / Apple M1 / 8 GB RAM,Darwin 25.4.0 arm64,v22.13.1,~54.0.22,0.81.5,20260530,500,50,noViewportCulling,5,false,3.771,0.093604,0.012855,0.118372,10683.247066,0.007834,0.001115,90,90,500,60,120,7.102333,0,0,0,21.997665
2026-05-30T11:59:46.455Z,MacBook-Air-Nicolas.local / Apple M1 / 8 GB RAM,Darwin 25.4.0 arm64,v22.13.1,~54.0.22,0.81.5,20260530,500,50,noViewportCulling,6,false,1.825167,0.090584,0.005865,0.108677,11039.538106,0.007396,0.001532,90,90,500,60,120,6.520624,0,0,0,22.131561
2026-05-30T11:59:46.455Z,MacBook-Air-Nicolas.local / Apple M1 / 8 GB RAM,Darwin 25.4.0 arm64,v22.13.1,~54.0.22,0.81.5,20260530,500,50,noViewportCulling,7,false,4.375458,0.090625,0.009105,0.112301,11034.482759,0.007895,0.001438,90,90,500,60,120,6.738042,0,0,0,22.033234
2026-05-30T11:59:46.455Z,MacBook-Air-Nicolas.local / Apple M1 / 8 GB RAM,Darwin 25.4.0 arm64,v22.13.1,~54.0.22,0.81.5,20260530,500,50,noSelectiveSmartRouting,0,false,3.883958,0.092542,0.007344,0.114462,10805.904346,0.007792,0.001084,90,90,500,60,120,6.867711,0,0,0,22.001678
2026-05-30T11:59:46.455Z,MacBook-Air-Nicolas.local / Apple M1 / 8 GB RAM,Darwin 25.4.0 arm64,v22.13.1,~54.0.22,0.81.5,20260530,500,50,noSelectiveSmartRouting,1,false,1.965584,0.089896,0.008593,0.106245,11123.965471,0.007271,0.001572,90,90,500,60,120,6.374708,0,0,0,22.150642
2026-05-30T11:59:46.455Z,MacBook-Air-Nicolas.local / Apple M1 / 8 GB RAM,Darwin 25.4.0 arm64,v22.13.1,~54.0.22,0.81.5,20260530,500,50,noSelectiveSmartRouting,2,false,3.955542,0.092771,0.014323,0.118668,10779.230579,0.008021,0.003438,90,90,500,60,120,7.120083,0,0,0,22.010078
2026-05-30T11:59:46.455Z,MacBook-Air-Nicolas.local / Apple M1 / 8 GB RAM,Darwin 25.4.0 arm64,v22.13.1,~54.0.22,0.81.5,20260530,500,50,noSelectiveSmartRouting,3,false,1.829667,0.092396,0.006959,0.121441,10822.979349,0.007917,0.001864,90,90,500,60,120,7.286457,0,0,0,22.159286
2026-05-30T11:59:46.455Z,MacBook-Air-Nicolas.local / Apple M1 / 8 GB RAM,Darwin 25.4.0 arm64,v22.13.1,~54.0.22,0.81.5,20260530,500,50,noSelectiveSmartRouting,4,false,3.704167,0.091938,0.005625,0.109955,10876.954452,0.007666,0.001386,90,90,500,60,120,6.597292,0,0,0,22.02523
2026-05-30T11:59:46.455Z,MacBook-Air-Nicolas.local / Apple M1 / 8 GB RAM,Darwin 25.4.0 arm64,v22.13.1,~54.0.22,0.81.5,20260530,500,50,noSelectiveSmartRouting,5,false,1.775833,0.089667,0.011729,0.107076,11152.437086,0.007625,0.002572,90,90,500,60,120,6.424543,0,0,0,22.165176
2026-05-30T11:59:46.455Z,MacBook-Air-Nicolas.local / Apple M1 / 8 GB RAM,Darwin 25.4.0 arm64,v22.13.1,~54.0.22,0.81.5,20260530,500,50,noSelectiveSmartRouting,6,false,3.915167,0.090709,0.005562,0.11029,11024.325173,0.007833,0.001125,90,90,500,60,120,6.617373,0,0,0,21.992943
2026-05-30T11:59:46.455Z,MacBook-Air-Nicolas.local / Apple M1 / 8 GB RAM,Darwin 25.4.0 arm64,v22.13.1,~54.0.22,0.81.5,20260530,500,50,noSelectiveSmartRouting,7,false,3.95175,0.093751,0.019604,0.138933,10666.609778,0.007625,0.002011,90,90,500,60,120,8.335959,0,0,0,22.039146
2026-05-30T11:59:46.455Z,MacBook-Air-Nicolas.local / Apple M1 / 8 GB RAM,Darwin 25.4.0 arm64,v22.13.1,~54.0.22,0.81.5,20260530,500,50,noTransformThrottle,0,false,3.796959,0.089854,0.00724,0.106774,11129.165089,0.007521,0.000916,90,90,500,120,120,12.812917,0,0,0,22.023468
2026-05-30T11:59:46.455Z,MacBook-Air-Nicolas.local / Apple M1 / 8 GB RAM,Darwin 25.4.0 arm64,v22.13.1,~54.0.22,0.81.5,20260530,500,50,noTransformThrottle,1,false,4.146875,0.087041,0.004271,0.100286,11488.838592,0.007125,0.000708,90,90,500,120,120,12.034296,0,0,0,21.994843
2026-05-30T11:59:46.455Z,MacBook-Air-Nicolas.local / Apple M1 / 8 GB RAM,Darwin 25.4.0 arm64,v22.13.1,~54.0.22,0.81.5,20260530,500,50,noTransformThrottle,2,false,4.84975,0.09227,0.011062,0.110272,10837.700024,0.007583,0.001208,90,90,500,120,120,13.232624,0,0,0,22.017784
2026-05-30T11:59:46.455Z,MacBook-Air-Nicolas.local / Apple M1 / 8 GB RAM,Darwin 25.4.0 arm64,v22.13.1,~54.0.22,0.81.5,20260530,500,50,noTransformThrottle,3,false,3.781459,0.091083,0.007176,0.113784,10978.93691,0.007521,0.001167,90,90,500,120,120,13.654075,0,0,0,22.021004
2026-05-30T11:59:46.455Z,MacBook-Air-Nicolas.local / Apple M1 / 8 GB RAM,Darwin 25.4.0 arm64,v22.13.1,~54.0.22,0.81.5,20260530,500,50,noTransformThrottle,4,false,3.918209,0.088916,0.007562,0.110502,11246.569795,0.007417,0.001146,90,90,500,120,120,13.260203,0,0,0,22.009872
2026-05-30T11:59:46.455Z,MacBook-Air-Nicolas.local / Apple M1 / 8 GB RAM,Darwin 25.4.0 arm64,v22.13.1,~54.0.22,0.81.5,20260530,500,50,noTransformThrottle,5,false,4.205792,0.089334,0.012656,0.107644,11194.008965,0.007354,0.000834,90,90,500,120,120,12.917289,0,0,0,22.022255
2026-05-30T11:59:46.455Z,MacBook-Air-Nicolas.local / Apple M1 / 8 GB RAM,Darwin 25.4.0 arm64,v22.13.1,~54.0.22,0.81.5,20260530,500,50,noTransformThrottle,6,false,3.944291,0.088646,0.007614,0.102889,11280.824853,0.007375,0.000874,90,90,500,120,120,12.346695,0,0,0,21.996582
2026-05-30T11:59:46.455Z,MacBook-Air-Nicolas.local / Apple M1 / 8 GB RAM,Darwin 25.4.0 arm64,v22.13.1,~54.0.22,0.81.5,20260530,500,50,noTransformThrottle,7,false,3.86275,0.092396,0.008751,0.112165,10822.979349,0.007792,0.001136,90,90,500,120,120,13.459793,0,0,0,22.018768
2026-05-30T11:59:46.455Z,MacBook-Air-Nicolas.local / Apple M1 / 8 GB RAM,Darwin 25.4.0 arm64,v22.13.1,~54.0.22,0.81.5,20260530,1000,100,baseline,0,false,10.633167,0.357271,0.027615,0.394235,2798.999637,0.187688,0.010198,1099,1099,1000,120,120,47.308207,0,0,0,22.878677
2026-05-30T11:59:46.455Z,MacBook-Air-Nicolas.local / Apple M1 / 8 GB RAM,Darwin 25.4.0 arm64,v22.13.1,~54.0.22,0.81.5,20260530,1000,100,baseline,1,false,10.460875,0.363855,0.040647,0.410596,2748.351333,0.187209,0.015907,1099,1099,1000,120,120,49.271545,0,0,0,23.12796
2026-05-30T11:59:46.455Z,MacBook-Air-Nicolas.local / Apple M1 / 8 GB RAM,Darwin 25.4.0 arm64,v22.13.1,~54.0.22,0.81.5,20260530,1000,100,baseline,2,false,10.016375,0.365855,0.027751,0.4086,2733.327047,0.191333,0.014229,1099,1099,1000,120,120,49.03201,0,0,0,22.905006
2026-05-30T11:59:46.455Z,MacBook-Air-Nicolas.local / Apple M1 / 8 GB RAM,Darwin 25.4.0 arm64,v22.13.1,~54.0.22,0.81.5,20260530,1000,100,baseline,3,false,10.638917,0.356667,0.022614,0.393822,2803.735697,0.186188,0.007938,1099,1099,1000,120,120,47.258628,0,0,0,23.024742
2026-05-30T11:59:46.455Z,MacBook-Air-Nicolas.local / Apple M1 / 8 GB RAM,Darwin 25.4.0 arm64,v22.13.1,~54.0.22,0.81.5,20260530,1000,100,baseline,4,false,11.552583,0.367604,0.027781,0.405656,2720.318604,0.193521,0.011625,1099,1099,1000,120,120,48.678704,0,0,0,22.967484
2026-05-30T11:59:46.455Z,MacBook-Air-Nicolas.local / Apple M1 / 8 GB RAM,Darwin 25.4.0 arm64,v22.13.1,~54.0.22,0.81.5,20260530,1000,100,baseline,5,false,11.829417,0.352979,0.021437,0.388019,2833.025714,0.18373,0.006531,1099,1099,1000,120,120,46.562255,0,0,0,23.046425
2026-05-30T11:59:46.455Z,MacBook-Air-Nicolas.local / Apple M1 / 8 GB RAM,Darwin 25.4.0 arm64,v22.13.1,~54.0.22,0.81.5,20260530,1000,100,baseline,6,false,10.90875,0.358771,0.021343,0.394225,2787.293287,0.188479,0.006833,1099,1099,1000,120,120,47.30695,0,0,0,22.906548
2026-05-30T11:59:46.455Z,MacBook-Air-Nicolas.local / Apple M1 / 8 GB RAM,Darwin 25.4.0 arm64,v22.13.1,~54.0.22,0.81.5,20260530,1000,100,baseline,7,false,11.172833,0.358583,0.016865,0.400359,2788.750737,0.189271,0.007729,1099,1099,1000,120,120,48.043044,0,0,0,23.137169
2026-05-30T11:59:46.455Z,MacBook-Air-Nicolas.local / Apple M1 / 8 GB RAM,Darwin 25.4.0 arm64,v22.13.1,~54.0.22,0.81.5,20260530,1000,100,optimized,0,false,11.401416,0.194,0.031417,0.226115,5154.639176,0.013145,0.004282,90,90,153.5,60,120,13.566917,0,0,0,22.626289
2026-05-30T11:59:46.455Z,MacBook-Air-Nicolas.local / Apple M1 / 8 GB RAM,Darwin 25.4.0 arm64,v22.13.1,~54.0.22,0.81.5,20260530,1000,100,optimized,1,false,10.784041,0.192208,0.039501,0.226878,5202.697078,0.01302,0.004729,90,90,153.5,60,120,13.612668,0,0,0,22.54158
2026-05-30T11:59:46.455Z,MacBook-Air-Nicolas.local / Apple M1 / 8 GB RAM,Darwin 25.4.0 arm64,v22.13.1,~54.0.22,0.81.5,20260530,1000,100,optimized,2,false,11.2425,0.196625,0.030864,0.232602,5085.823268,0.013854,0.006521,90,90,153.5,60,120,13.956126,0,0,0,22.568054
2026-05-30T11:59:46.455Z,MacBook-Air-Nicolas.local / Apple M1 / 8 GB RAM,Darwin 25.4.0 arm64,v22.13.1,~54.0.22,0.81.5,20260530,1000,100,optimized,3,false,10.4315,0.193146,0.019687,0.231394,5177.430545,0.013104,0.005292,90,90,153.5,60,120,13.883624,0,0,0,22.659943
2026-05-30T11:59:46.455Z,MacBook-Air-Nicolas.local / Apple M1 / 8 GB RAM,Darwin 25.4.0 arm64,v22.13.1,~54.0.22,0.81.5,20260530,1000,100,optimized,4,false,10.328583,0.194229,0.036802,0.236152,5148.561749,0.013792,0.007125,90,90,153.5,60,120,14.16912,0,0,0,22.534615
2026-05-30T11:59:46.455Z,MacBook-Air-Nicolas.local / Apple M1 / 8 GB RAM,Darwin 25.4.0 arm64,v22.13.1,~54.0.22,0.81.5,20260530,1000,100,optimized,5,false,10.094542,0.195812,0.023094,0.224488,5106.926269,0.013271,0.005073,90,90,153.5,60,120,13.469294,0,0,0,22.519653
2026-05-30T11:59:46.455Z,MacBook-Air-Nicolas.local / Apple M1 / 8 GB RAM,Darwin 25.4.0 arm64,v22.13.1,~54.0.22,0.81.5,20260530,1000,100,optimized,6,false,10.190375,0.198375,0.040625,0.225192,5040.957782,0.013312,0.005636,90,90,153.5,60,120,13.511499,0,0,0,22.406105
2026-05-30T11:59:46.455Z,MacBook-Air-Nicolas.local / Apple M1 / 8 GB RAM,Darwin 25.4.0 arm64,v22.13.1,~54.0.22,0.81.5,20260530,1000,100,optimized,7,false,10.953459,0.19848,0.054303,0.233169,5038.303703,0.014229,0.005626,90,90,153.5,60,120,13.99017,0,0,0,22.586838
2026-05-30T11:59:46.455Z,MacBook-Air-Nicolas.local / Apple M1 / 8 GB RAM,Darwin 25.4.0 arm64,v22.13.1,~54.0.22,0.81.5,20260530,1000,100,noViewportCulling,0,false,11.060417,0.175333,0.01551,0.206461,5703.416632,0.008021,0.001437,90,90,1000,60,120,12.387666,0,0,0,22.689056
2026-05-30T11:59:46.455Z,MacBook-Air-Nicolas.local / Apple M1 / 8 GB RAM,Darwin 25.4.0 arm64,v22.13.1,~54.0.22,0.81.5,20260530,1000,100,noViewportCulling,1,false,10.146625,0.173771,0.019396,0.202799,5754.700151,0.007687,0.001832,90,90,1000,60,120,12.167959,0,0,0,22.657921
2026-05-30T11:59:46.455Z,MacBook-Air-Nicolas.local / Apple M1 / 8 GB RAM,Darwin 25.4.0 arm64,v22.13.1,~54.0.22,0.81.5,20260530,1000,100,noViewportCulling,2,false,10.648333,0.174688,0.02024,0.203623,5724.50805,0.007812,0.001802,90,90,1000,60,120,12.217379,0,0,0,22.673126
2026-05-30T11:59:46.455Z,MacBook-Air-Nicolas.local / Apple M1 / 8 GB RAM,Darwin 25.4.0 arm64,v22.13.1,~54.0.22,0.81.5,20260530,1000,100,noViewportCulling,3,false,10.727625,0.175355,0.016802,0.221566,5702.733605,0.008209,0.001355,90,90,1000,60,120,13.293962,0,0,0,22.623627
2026-05-30T11:59:46.455Z,MacBook-Air-Nicolas.local / Apple M1 / 8 GB RAM,Darwin 25.4.0 arm64,v22.13.1,~54.0.22,0.81.5,20260530,1000,100,noViewportCulling,4,false,11.1795,0.174,0.019209,0.204867,5747.126437,0.007584,0.001084,90,90,1000,60,120,12.291996,0,0,0,22.624542
2026-05-30T11:59:46.455Z,MacBook-Air-Nicolas.local / Apple M1 / 8 GB RAM,Darwin 25.4.0 arm64,v22.13.1,~54.0.22,0.81.5,20260530,1000,100,noViewportCulling,5,false,10.503458,0.174584,0.008063,0.209556,5727.918159,0.007959,0.00151,90,90,1000,60,120,12.573379,0,0,0,22.63456
2026-05-30T11:59:46.455Z,MacBook-Air-Nicolas.local / Apple M1 / 8 GB RAM,Darwin 25.4.0 arm64,v22.13.1,~54.0.22,0.81.5,20260530,1000,100,noViewportCulling,6,false,10.82575,0.177063,0.022375,0.21002,5647.723261,0.008542,0.001938,90,90,1000,60,120,12.601206,0,0,0,22.610992
2026-05-30T11:59:46.455Z,MacBook-Air-Nicolas.local / Apple M1 / 8 GB RAM,Darwin 25.4.0 arm64,v22.13.1,~54.0.22,0.81.5,20260530,1000,100,noViewportCulling,7,false,10.594083,0.171666,0.013709,0.200107,5825.248374,0.007604,0.001771,90,90,1000,60,120,12.006416,0,0,0,22.599953
2026-05-30T11:59:46.455Z,MacBook-Air-Nicolas.local / Apple M1 / 8 GB RAM,Darwin 25.4.0 arm64,v22.13.1,~54.0.22,0.81.5,20260530,1000,100,noSelectiveSmartRouting,0,false,10.554375,0.202417,0.087573,336.892326,4940.308719,0.014958,0.007313,90,90,153.5,60,120,20213.539545,7,2,7,130.637611
2026-05-30T11:59:46.455Z,MacBook-Air-Nicolas.local / Apple M1 / 8 GB RAM,Darwin 25.4.0 arm64,v22.13.1,~54.0.22,0.81.5,20260530,1000,100,noSelectiveSmartRouting,1,false,4.186084,0.206896,0.151865,336.850592,4833.357903,0.014667,0.007583,90,90,153.5,60,120,20211.035542,7,2,7,110.975533
2026-05-30T11:59:46.455Z,MacBook-Air-Nicolas.local / Apple M1 / 8 GB RAM,Darwin 25.4.0 arm64,v22.13.1,~54.0.22,0.81.5,20260530,1000,100,noSelectiveSmartRouting,2,false,4.07725,0.216979,0.182468,335.170259,4608.740938,0.015771,0.009905,90,90,153.5,60,120,20110.215547,7,2,7,112.237427
2026-05-30T11:59:46.455Z,MacBook-Air-Nicolas.local / Apple M1 / 8 GB RAM,Darwin 25.4.0 arm64,v22.13.1,~54.0.22,0.81.5,20260530,1000,100,noSelectiveSmartRouting,3,false,10.316166,0.198834,0.085718,336.554623,5029.333588,0.013479,0.007166,90,90,153.5,60,120,20193.277376,7,2,7,101.177628
2026-05-30T11:59:46.455Z,MacBook-Air-Nicolas.local / Apple M1 / 8 GB RAM,Darwin 25.4.0 arm64,v22.13.1,~54.0.22,0.81.5,20260530,1000,100,noSelectiveSmartRouting,4,false,10.457667,0.207125,0.122354,338.52391,4828.002414,0.015437,0.010437,90,90,153.5,60,120,20311.434626,7,2,7,203.597069
2026-05-30T11:59:46.455Z,MacBook-Air-Nicolas.local / Apple M1 / 8 GB RAM,Darwin 25.4.0 arm64,v22.13.1,~54.0.22,0.81.5,20260530,1000,100,noSelectiveSmartRouting,5,false,13.368333,0.206854,0.169896,337.35103,4834.315908,0.014604,0.010125,90,90,153.5,60,120,20241.061796,7,2,7,116.449448
2026-05-30T11:59:46.455Z,MacBook-Air-Nicolas.local / Apple M1 / 8 GB RAM,Darwin 25.4.0 arm64,v22.13.1,~54.0.22,0.81.5,20260530,1000,100,noSelectiveSmartRouting,6,false,4.124916,0.211479,0.066791,332.100625,4728.601894,0.014917,0.007781,90,90,153.5,60,120,19926.0375,7,2,7,117.237953
2026-05-30T11:59:46.455Z,MacBook-Air-Nicolas.local / Apple M1 / 8 GB RAM,Darwin 25.4.0 arm64,v22.13.1,~54.0.22,0.81.5,20260530,1000,100,noSelectiveSmartRouting,7,false,3.976667,0.207833,0.103709,334.181369,4811.543856,0.01575,0.008552,90,90,153.5,60,120,20050.882168,7,2,7,115.758247
2026-05-30T11:59:46.455Z,MacBook-Air-Nicolas.local / Apple M1 / 8 GB RAM,Darwin 25.4.0 arm64,v22.13.1,~54.0.22,0.81.5,20260530,1000,100,noTransformThrottle,0,false,10.064125,0.196334,0.028605,0.221521,5093.374284,0.012104,0.004385,90,90,151,120,120,26.582464,0,0,0,22.892578
2026-05-30T11:59:46.455Z,MacBook-Air-Nicolas.local / Apple M1 / 8 GB RAM,Darwin 25.4.0 arm64,v22.13.1,~54.0.22,0.81.5,20260530,1000,100,noTransformThrottle,1,false,10.357792,0.193792,0.024041,0.21987,5160.185044,0.012125,0.005834,90,90,151,120,120,26.384372,0,0,0,22.868217
2026-05-30T11:59:46.455Z,MacBook-Air-Nicolas.local / Apple M1 / 8 GB RAM,Darwin 25.4.0 arm64,v22.13.1,~54.0.22,0.81.5,20260530,1000,100,noTransformThrottle,2,false,11.080417,0.193563,0.025135,0.221372,5166.289957,0.011708,0.004813,90,90,151,120,120,26.564666,0,0,0,23.0158
2026-05-30T11:59:46.455Z,MacBook-Air-Nicolas.local / Apple M1 / 8 GB RAM,Darwin 25.4.0 arm64,v22.13.1,~54.0.22,0.81.5,20260530,1000,100,noTransformThrottle,3,false,10.50825,0.191854,0.018666,0.214103,5212.283267,0.011396,0.00449,90,90,151,120,120,25.69242,0,0,0,22.988869
2026-05-30T11:59:46.455Z,MacBook-Air-Nicolas.local / Apple M1 / 8 GB RAM,Darwin 25.4.0 arm64,v22.13.1,~54.0.22,0.81.5,20260530,1000,100,noTransformThrottle,4,false,10.580834,0.191541,0.020552,0.215638,5220.800715,0.011458,0.004177,90,90,151,120,120,25.876542,0,0,0,22.969231
2026-05-30T11:59:46.455Z,MacBook-Air-Nicolas.local / Apple M1 / 8 GB RAM,Darwin 25.4.0 arm64,v22.13.1,~54.0.22,0.81.5,20260530,1000,100,noTransformThrottle,5,false,11.673542,0.196812,0.020468,0.221904,5080.978089,0.011375,0.004593,90,90,151,120,120,26.62845,0,0,0,23.005707
2026-05-30T11:59:46.455Z,MacBook-Air-Nicolas.local / Apple M1 / 8 GB RAM,Darwin 25.4.0 arm64,v22.13.1,~54.0.22,0.81.5,20260530,1000,100,noTransformThrottle,6,false,11.773584,0.191791,0.016854,0.215243,5213.995407,0.011666,0.004104,90,90,151,120,120,25.829121,0,0,0,22.888824
2026-05-30T11:59:46.455Z,MacBook-Air-Nicolas.local / Apple M1 / 8 GB RAM,Darwin 25.4.0 arm64,v22.13.1,~54.0.22,0.81.5,20260530,1000,100,noTransformThrottle,7,false,11.125167,0.19425,0.02024,0.214439,5148.005148,0.011125,0.003782,90,90,151,120,120,25.732629,0,0,0,22.885498
